{
  "$schema": "https://turbo.build/schema.json",
  "pipeline": {
    "countries#build": {
      "dependsOn": [
        "lint",
        "scripts#build"
      ]
    },
    "scripts#build": {
      "cache": false,
      "dependsOn": [
        "lint"
      ]
    },
    "build": {
      "dependsOn": [
        "lint"
      ],
      "outputs": [
        "dist/**"
      ]
    },
    "lint": {},
    "test": {
      "cache": false,
      "dependsOn": [
        "lint",
        "scripts#build",
        "countries#build"
      ]
    }
  }
}
